NUMERO> ;Rh>;SEXO>;E-MAIL>                                   
123456;+;M;a47575@alunos.uminho.pt
654321;+;F;a52504@alunos.uminho.pt
234598;+;F;a52504@mail.alunos.uminho.pt
456992;+;F;adolfo_mpb@hotmail.com
837464;+;M;adolfo_mpb@hotmail.com
429839;+;F;adriana.lima0310@gmail.com
567393;+;M;agenda.informacao@rtp.pt
256748;+;M;booster84@gmail.com
876573;+;F;mandocosta77@gmail.com
298758;+;F;amin_heidari66@yahoo.com
256744;-;M;vania_santos_@hotmail.com
567923;-;M;psivania@gmail.com
478458;-;M;SANTOS@portugalmail.com
348593;-;M;blackangel1983241@hotmail.com
387948;-;F;anamariamagalhaes83@gmail.com
234475;-;M;anadias@dps.uminho.pt
678348;-;M;ana6sentido@gmail.com
234587;-;F;arpac91@gmail.com
228495;-;F;anarita1991@hotmail.com
213450;-;F;anamariamagalhaes83@gmail.com
421361;-;F;est.mauris@rutrum.co.uk
845809;+;M;Suspendisse@ligulaDonecluctus.ca
668324;+;M;magna.nec.quam@malesuadafames.net
181429;-;M;tortor@ipsumsodalespurus.org
265963;-;F;arcu.Vestibulum.ut@molestie.net
251402;-;M;gravida.nunc.sed@euismod.ca
716120;-;F;hendrerit@convallisin.ca
459981;-;M;pede.Cras@anteipsumprimis.co.uk
308332;+;M;velit.egestas.lacinia@nonummyut.com
754132;-;M;ac.eleifend@Quisquevarius.com
647717;-;M;pharetra.felis.eget@augueac.com
338096;-;F;ullamcorper.velit.in@enim.co.uk
796929;-;F;lorem@ipsumleo.com
848433;-;M;lorem.ipsum@ultriciessemmagna.net
540674;+;F;volutpat@tempor.net
817972;-;F;arcu.Curabitur@arcuSedeu.net
626738;+;F;primis.in@eratVivamusnisi.org
755492;-;F;eu.euismod@Fuscealiquetmagna.com
333174;-;M;Cras.eget@euaccumsansed.net
860152;-;M;volutpat.Nulla.dignissim@vestibulumneque.edu
396540;+;F;sollicitudin.adipiscing.ligula@Integertincidunt.net
838297;-;F;enim.commodo.hendrerit@sitamet.org
660661;-;M;malesuada.vel@tellusidnunc.co.uk
637451;-;F;nec.tempus@diamPellentesquehabitant.edu
979480;+;F;Nunc.mauris@aliquetodioEtiam.org
830157;+;M;Aliquam@ipsumnuncid.org
813774;+;F;ut@ornarefacilisiseget.co.uk
108578;+;F;vitae.diam.Proin@gravidamolestiearcu.net
508430;-;M;erat@necluctus.edu
231804;-;M;vulputate@euismod.edu
244459;+;F;ipsum.non.arcu@diamlorem.org
158998;-;M;euismod.est@Namac.co.uk
633935;+;M;sodales@commodohendreritDonec.ca
811557;+;F;Curae@euplacerateget.co.uk
406852;+;M;tristique@acrisus.com
360632;+;M;malesuada@amet.co.uk
633156;-;F;lacus.varius@eratEtiamvestibulum.edu
611615;+;M;morbi.tristique@Morbi.com
170719;+;F;Integer.id.magna@consectetuercursuset.ca
993325;+;F;nisl.elementum@Sedmolestie.org
315147;-;F;magnis@convallisantelectus.com
446031;-;M;Nunc.lectus@vulputate.com
742732;+;F;libero@magnaUttincidunt.com
755807;+;M;est@diam.edu
724399;-;M;libero@Quisque.com
517000;+;M;consectetuer.adipiscing@malesuada.net
309143;-;M;ac.eleifend@magna.ca
447880;-;F;auctor.ullamcorper.nisl@maurisrhoncusid.net
811239;+;F;Sed.malesuada@nequevenenatislacus.edu
672750;-;M;vulputate.posuere.vulputate@liberoProinmi.org
694678;+;M;In.tincidunt.congue@lobortisultricesVivamus.net
626916;+;M;a.purus.Duis@Crasdolor.co.uk
616287;-;M;metus.facilisis@rutrum.net
468958;-;M;auctor@urnaVivamusmolestie.net
109991;-;F;velit.Cras.lorem@eratvel.org
858461;+;M;netus@velturpisAliquam.org
652204;+;F;molestie.Sed.id@orci.edu
548627;-;M;imperdiet.erat.nonummy@idrisusquis.com
246461;+;M;dis@Nam.org
977222;-;M;Ut.nec@augue.ca
497887;+;M;eget.venenatis@nec.ca
692730;+;M;Nam.nulla.magna@mi.org
883619;+;M;ut@venenatis.net
131304;-;M;ante.blandit@aliquamenimnec.edu
206370;+;M;eros.Nam.consequat@Suspendissealiquetsem.org
413020;+;M;ultricies.sem@temporest.co.uk
969194;+;F;augue.eu@loremauctorquis.ca
788972;-;F;et.rutrum@egestas.org
342803;+;M;Lorem@facilisisSuspendissecommodo.ca
443206;+;M;luctus.ipsum@Craseget.ca
908969;-;M;fermentum.arcu.Vestibulum@pharetra.net
815526;-;M;ac@euelit.co.uk
572003;+;F;orci.Ut.sagittis@consectetuerrhoncusNullam.com
523509;+;F;arcu.Aliquam.ultrices@acipsum.co.uk
634202;-;F;vel@acmetusvitae.net
920888;+;F;auctor@quisdiam.co.uk
496405;+;M;non.leo.Vivamus@purus.edu
964282;-;M;metus.In.nec@Fuscefeugiat.co.uk
482228;+;F;nibh@placeratorci.net
550097;+;M;tellus.Suspendisse.sed@Nullamfeugiatplacerat.edu
923858;+;F;eu.erat@aliquamiaculislacus.ca
103039;+;F;a.feugiat@ultriciessemmagna.edu
106969;+;M;mi.Aliquam@montesnasceturridiculus.org
677854;-;F;a.facilisis@metus.ca
163507;+;M;Suspendisse.eleifend.Cras@lobortis.edu
343340;-;M;sagittis.semper.Nam@atnisi.co.uk
272329;-;F;arcu.Aliquam.ultrices@ultricesVivamus.ca
853206;+;F;cursus.et.magna@Phasellusdapibus.ca
666428;+;F;ligula.tortor.dictum@placeratvelit.org
160931;-;M;eros@ligulaAeneaneuismod.com
357382;+;M;Nulla.tempor.augue@consectetuereuismodest.ca
248898;+;M;sed@imperdietullamcorperDuis.co.uk
175748;+;F;urna.convallis@Donecsollicitudinadipiscing.ca
292924;+;F;Donec@velitinaliquet.co.uk
343495;-;F;dictum.sapien@et.com
345649;-;F;dictum.eu.placerat@sed.co.uk
479369;-;M;Sed.diam.lorem@rutrumeuultrices.edu
178274;+;M;eget.massa@nisisemsemper.co.uk
537588;-;F;porttitor@justofaucibus.com
548711;+;F;dolor.quam@facilisisfacilisis.ca
419594;+;F;aliquam.eros@Duisacarcu.co.uk
795652;+;F;gravida.Aliquam.tincidunt@Vestibulum.co.uk
196338;-;M;Morbi.vehicula.Pellentesque@liberoettristique.net
393972;-;M;Aenean@ornaresagittisfelis.edu
700791;+;M;egestas.urna@utmolestiein.edu
415985;-;M;posuere@sed.com
636760;-;M;Curabitur.consequat.lectus@Pellentesquetincidunt.ca
877773;-;F;mus.Proin@ipsumac.edu
475680;-;M;ante.bibendum.ullamcorper@Aeneanegetmetus.ca
908869;-;F;accumsan.sed.facilisis@justosit.edu
657579;-;F;orci@lobortisquama.ca
578254;-;M;ipsum.nunc@aarcuSed.edu
714866;-;F;lacinia.Sed@eteros.edu
626244;-;F;est.ac@sit.ca
548835;+;F;vel.est@velitduisemper.net
186182;-;M;et@gravida.com
279384;-;F;mi@nibhlacinia.org
341747;+;F;pellentesque.eget@sociisnatoque.co.uk
122216;-;F;ipsum@Nunc.com
154931;-;F;a@sedpedenec.com
855034;+;M;amet.dapibus@nectempusmauris.ca
541458;+;M;eu@SuspendissesagittisNullam.net
858735;+;M;ligula.eu@faucibusMorbi.co.uk
656461;-;M;a.felis.ullamcorper@rhoncusidmollis.ca
992497;-;F;pharetra.sed.hendrerit@Phasellus.co.uk
903457;+;F;scelerisque.mollis.Phasellus@Duisvolutpat.org
436929;+;F;et@nec.co.uk
658669;-;M;Sed@eleifendvitaeerat.com
957879;-;M;mus.Donec@turpisAliquam.net
198652;-;M;sed.libero.Proin@semperegestas.ca
841930;-;M;non@aodiosemper.net
289320;-;F;placerat@aceleifendvitae.org
834560;+;M;luctus.et.ultrices@semegestasblandit.org
888515;+;F;aliquam.eros.turpis@Nunc.co.uk
388882;-;M;primis@dolorNullasemper.net
444392;-;F;quam@Donecdignissim.ca
267892;+;F;bibendum.ullamcorper.Duis@ante.org
821052;+;M;mauris@tellus.org
218393;-;F;cursus.et.magna@Proinmi.edu
540735;+;M;erat.volutpat.Nulla@Crasdictumultricies.org
993531;-;M;aliquet.molestie@risusodioauctor.ca
855509;+;M;Etiam.imperdiet.dictum@enim.ca
937238;+;F;tincidunt.neque@adipiscinglobortis.edu
857041;+;M;Nullam.lobortis.quam@arcueuodio.net
397662;+;F;Aenean@sagittis.net
863281;+;M;facilisis.Suspendisse.commodo@Vivamusnibhdolor.edu
921381;+;F;luctus@euismod.org
507187;+;F;amet.dapibus.id@pede.org
733174;-;M;dolor.quam.elementum@malesuada.edu
664750;-;F;diam@ornareplacerat.edu
511965;+;M;Cum.sociis.natoque@enimcommodohendrerit.net
849804;-;M;fermentum.vel@fringilla.org
221982;+;M;fringilla.ornare.placerat@ante.ca
462182;-;M;malesuada.fames@metusIn.net
605868;+;F;est@purus.ca
134212;-;F;sem.molestie@duiaugueeu.co.uk
847883;-;F;egestas.Aliquam@sollicitudin.edu
124229;+;F;a.malesuada@nequeNullam.co.uk
547947;-;M;dolor.Fusce.feugiat@Integerinmagna.ca
290308;-;M;tempor.bibendum@anteNunc.org
204828;-;M;Duis.at.lacus@nibhenim.org
956907;+;F;blandit.enim@ullamcorperDuisat.ca
423338;-;M;lacus@odioEtiam.co.uk
716640;-;M;blandit.mattis@auctor.com
977699;+;M;id.sapien.Cras@acrisus.com
827127;-;F;vulputate.dui.nec@tinciduntcongue.org
803443;+;F;ac.metus@Pellentesque.com
130074;-;M;neque.et@leo.com
923482;+;M;Nulla@anunc.ca
275279;+;F;adipiscing@pede.co.uk
903756;+;F;lorem.ac@Nullam.net
660441;-;F;id@eleifendnuncrisus.co.uk
770906;+;F;senectus@Phasellusdapibus.ca
754882;+;M;orci@Utsemperpretium.org
690515;-;F;ut@estarcuac.ca
530542;+;M;urna.suscipit@necorciDonec.net
295046;-;M;risus.varius.orci@eu.net
434228;-;F;Nunc.laoreet@DonectinciduntDonec.org
380727;+;M;nec.tempus@molestieSed.edu
203320;-;M;ultricies@maurisSuspendissealiquet.org
533322;-;M;pede@sedtortorInteger.org
681567;-;M;mi@inlobortis.com
936102;+;M;vulputate.ullamcorper.magna@enimdiamvel.com
219574;+;M;sit.amet.consectetuer@nulla.edu
111064;+;F;Aliquam.erat@IntegermollisInteger.com
937511;+;M;est@pedeNunc.co.uk
202829;-;F;rhoncus.Proin.nisl@augueut.edu
319519;+;M;feugiat.non.lobortis@adipiscingfringilla.org
381112;+;F;Nulla.facilisi@sedpede.edu
422787;-;M;amet.nulla.Donec@dictum.org
446115;-;M;eu.turpis@scelerisquenequesed.ca
132206;+;M;hendrerit.consectetuer.cursus@Maurisvestibulumneque.net
752116;+;F;dui.Cras@augueac.org
856543;-;M;arcu@semmagna.com
921035;-;F;Etiam.vestibulum.massa@sedturpis.edu
210625;+;M;neque@gravidasagittis.edu
708707;+;F;pede.malesuada@asollicitudinorci.ca
897598;-;M;nonummy.ut.molestie@odiosempercursus.org
718764;-;F;blandit@leoCras.com
653709;+;M;aliquet.Proin@felis.net
479629;-;M;Pellentesque.tincidunt@eratvitae.org
975136;+;F;sed.turpis.nec@dis.org
574832;-;M;massa@erosnonenim.net
800413;-;F;in@magna.co.uk
545785;+;F;rutrum.Fusce.dolor@ametloremsemper.edu
912037;-;F;magna@semsempererat.net
325403;+;F;nec@adipiscing.ca
527693;+;M;nibh.Phasellus@gravidanunc.ca
306672;-;M;Duis.sit.amet@semutcursus.ca
885226;+;M;In.mi@enim.co.uk
173427;+;M;lorem@scelerisqueloremipsum.org
551645;+;F;ac@lacus.net
618777;+;F;tempus.non.lacinia@tinciduntnibh.edu
258193;+;F;Nullam.enim.Sed@ultricies.com
729187;+;F;ullamcorper.Duis@Crasvehiculaaliquet.org
799951;+;F;mauris.sit@ullamcorper.com
641868;-;F;sem.Nulla.interdum@dictumPhasellus.ca
554925;-;M;Phasellus.libero.mauris@arcuVestibulum.org
896776;+;F;nonummy@eu.net
264862;-;F;arcu.Sed@acorciUt.net
677146;-;F;metus.Aenean.sed@tellusAeneanegestas.ca
491187;-;M;massa@vestibulumloremsit.ca
616922;-;M;a.mi@tortorNunc.edu
687585;-;M;Nullam.ut@commodo.com
950414;+;M;rutrum@Integer.com
536109;+;M;est@amet.edu
755974;+;M;sem@sociisnatoque.co.uk
229012;+;M;dapibus.id.blandit@dictum.com
523889;+;F;non.justo.Proin@Aliquamerat.co.uk
249775;-;M;sed.orci.lobortis@justo.ca
847690;+;F;erat@estvitaesodales.net
501597;+;M;Integer@amet.net
138383;-;M;porttitor@volutpatNulla.org
189393;+;F;placerat.velit@malesuadavelvenenatis.edu
818140;+;F;erat.in@Donecnibh.edu
629428;+;M;Duis@cursuset.net
857406;+;M;Morbi.neque.tellus@Donec.ca
779008;+;M;magna.Duis@tellusjustosit.com
496117;+;M;Curabitur@CuraeDonec.net
799178;-;M;Integer.id@nonluctussit.co.uk
337074;+;F;facilisis@ac.com
588596;-;M;lacus.varius@bibendumsedest.org
814106;+;F;Maecenas.iaculis@ac.org
360515;+;F;est.Mauris.eu@nectellus.co.uk
985492;-;F;pharetra.Quisque@purus.com
326965;+;F;vel.faucibus@magna.co.uk
723047;+;M;magna.Praesent.interdum@malesuadamalesuada.ca
413450;-;M;in.lobortis.tellus@ipsumPhasellusvitae.org
798397;-;F;dictum.Phasellus@necligulaconsectetuer.org
694955;-;M;velit.dui.semper@at.org
629206;+;M;facilisis@lectusquis.ca
825258;-;M;vitae.nibh@magna.com
274640;+;F;mollis@Phasellus.org
616649;-;M;a.feugiat@Suspendisse.ca
975443;+;F;a.felis@nullaCraseu.com
809557;+;F;Cras.convallis.convallis@congueelit.com
705208;-;M;aliquam@orcisemeget.co.uk
403122;+;F;vitae.diam.Proin@a.org
501136;-;F;Curabitur.vel.lectus@Praesent.org
859144;+;M;mollis.Phasellus@scelerisquelorem.co.uk
451412;+;M;ut.ipsum@Maecenasiaculis.co.uk
807111;-;M;ac.risus@augue.co.uk
979343;+;F;et.malesuada@scelerisquesed.co.uk
860456;-;M;sed.sapien.Nunc@sagittislobortis.com
750661;-;F;Praesent.luctus.Curabitur@turpis.co.uk
869279;+;M;sodales@estmollisnon.edu
162546;-;F;gravida.mauris@facilisiseget.com
404384;+;F;tellus.Nunc.lectus@dapibusidblandit.co.uk
634201;-;F;nulla@lectusrutrum.org
572386;-;F;in.consectetuer.ipsum@sodaleselit.com
809958;-;F;lobortis.ultrices@risusvariusorci.com
520909;-;F;a.scelerisque@magnaPraesentinterdum.org
475064;-;M;erat.Sed.nunc@maurisaliquameu.com
778591;-;M;magna.Duis@lectus.co.uk
166330;-;M;ac.orci.Ut@tristiquepellentesque.edu
558346;+;M;rhoncus.Proin.nisl@sagittis.com
357131;-;F;venenatis.lacus@dolor.ca
211709;+;M;nec.ante.Maecenas@arcuacorci.ca
470443;-;M;erat@Morbinonsapien.net
978868;-;F;Proin.vel.arcu@accumsannequeet.co.uk
170450;+;M;sit@sociisnatoque.org
150701;-;F;tincidunt@egestasFusce.org
686596;+;F;lorem.lorem@Sed.co.uk
850821;-;F;fermentum.fermentum.arcu@orcisemeget.com
602368;-;F;amet@lectusrutrumurna.co.uk
226329;-;M;fames.ac.turpis@lacusQuisqueimperdiet.com
182903;+;M;eu.arcu.Morbi@dictumeueleifend.edu
593975;+;F;Nullam.vitae.diam@convallis.edu
513130;+;M;cursus@bibendumullamcorper.ca
606153;-;M;ligula.elit@cursus.org
579821;-;F;Quisque@risusNullaeget.org
774908;+;F;diam@Integer.org
151767;-;M;odio.Etiam@Sed.com
758331;+;M;dictum.eu@Praesent.com
858914;+;F;egestas.Sed@arcu.net
399763;-;M;luctus.felis.purus@Lorem.ca
497554;-;F;semper.cursus@Mauris.com
481350;-;M;lobortis@veliteu.co.uk
369570;+;F;parturient@a.ca
957221;-;F;Fusce.feugiat.Lorem@dapibus.net
738815;+;M;est.mauris.rhoncus@ligula.org
720985;+;M;semper@in.org
179926;+;M;Nunc.sollicitudin@Donecconsectetuer.com
210750;+;M;arcu.ac.orci@necurnaet.edu
149311;+;F;ut.erat.Sed@maurisMorbi.com
396993;+;F;hymenaeos.Mauris@dolorsitamet.edu
453469;+;F;tellus.lorem.eu@egestasSedpharetra.co.uk
299300;-;F;Mauris.magna@inmolestietortor.org
869056;-;F;Nullam@pedesagittis.edu
300535;-;M;gravida@eunulla.ca
220866;-;F;aliquam.iaculis@consequat.edu
623306;+;M;tincidunt.congue@pede.edu
968668;-;M;lectus@elit.co.uk
549273;-;F;Phasellus.ornare.Fusce@rutrumeuultrices.ca
535586;+;F;Integer.aliquam@congueInscelerisque.com
815091;-;M;dui.nec@mollisneccursus.org
194622;-;M;pretium.aliquet.metus@egetvenenatis.ca
786961;-;M;sit@convallis.co.uk
888985;+;F;ullamcorper@pedeNuncsed.co.uk
346357;+;F;porttitor.eros.nec@temporerat.org
828657;+;F;volutpat.nunc@posuereenim.edu
456045;-;M;Nam.interdum@Nuncquis.ca
756971;+;M;pede@nonmagna.org
866648;+;F;Duis@magna.org
777157;+;M;et.netus.et@Nulla.edu
852256;+;M;magna.sed.dui@elitpretiumet.net
632870;-;F;tortor@magnaCras.ca
186934;+;M;pellentesque@pedemalesuadavel.co.uk
294817;+;M;orci.tincidunt@arcu.org
129176;-;M;et.rutrum.eu@viverraMaecenas.ca
455903;+;F;Nulla.semper.tellus@lectus.co.uk
195807;+;M;vel@tellusjustosit.ca
696987;+;M;netus@Fuscefermentumfermentum.edu
324878;-;M;arcu@blandit.edu
203807;+;M;ac.turpis.egestas@pellentesquetellussem.org
589361;-;M;ut.ipsum.ac@fringilla.co.uk
227350;+;F;nisi.Mauris.nulla@Duisdignissimtempor.edu
768858;-;F;et@ligulaAeneangravida.net
805771;-;F;neque@famesac.co.uk
693491;+;M;sed@sedturpis.com
246345;-;F;eu@lacusUt.edu
643098;-;F;vitae.semper@musProinvel.com
917520;-;F;quam.vel@ante.co.uk
101780;+;F;varius.ultrices.mauris@velitdui.ca
456838;-;F;neque@tempor.org
586462;+;F;dolor@amet.co.uk
254403;-;M;Nam.interdum.enim@vulputatelacus.org
782397;-;M;non.massa.non@tempusmauriserat.edu
635064;-;F;enim.nisl.elementum@Morbi.com
209906;-;F;arcu.Vestibulum@elitCurabitur.edu
647692;-;M;venenatis@elit.ca
263074;-;F;Donec.nibh@purusgravida.ca
652736;-;M;lectus.rutrum.urna@felisorciadipiscing.net
826409;-;F;ut.nisi.a@mattis.net
225605;-;F;dolor.tempus.non@pretiumetrutrum.net
886392;-;F;urna@mienim.ca
164810;-;F;lectus@ipsum.co.uk
112415;+;F;erat.semper.rutrum@et.edu
195371;-;F;vitae.posuere.at@metuseu.edu
204359;+;F;non.egestas.a@etarcuimperdiet.ca
622759;-;F;vel@quam.edu
714746;-;M;pretium.aliquet@ametante.com
765780;-;F;porttitor.interdum@pretium.co.uk
742538;+;M;felis.eget@nisimagna.ca
599046;-;M;augue.malesuada.malesuada@ante.ca
382348;+;M;ac.turpis.egestas@ridiculusmus.edu
873827;-;M;In.scelerisque.scelerisque@semeget.org
812357;+;F;conubia.nostra@ligulaAliquamerat.edu
747828;+;M;vitae.aliquet.nec@gravida.net
924630;+;F;non@ultricies.edu
956294;+;M;pellentesque.a@adui.ca
738189;+;F;velit.eu.sem@amagna.net
169071;-;M;nonummy.ut@eleifendnon.co.uk
372348;-;M;lacus.Ut.nec@euismodurnaNullam.edu
114713;-;F;adipiscing.lobortis@Aliquam.ca
638249;+;F;Phasellus.dapibus@Suspendisse.com
582514;-;F;Ut@molestiepharetranibh.net
195505;-;F;viverra@atrisus.co.uk
181869;-;M;vel.venenatis@quisarcu.net
829510;-;F;Phasellus.nulla.Integer@ametrisusDonec.ca
704076;+;M;magna@Morbinequetellus.ca
567193;-;M;placerat.augue@fringilla.com
985821;-;F;Vestibulum.ante.ipsum@eu.co.uk
526904;+;M;ut.sem.Nulla@Suspendissetristiqueneque.edu
249720;-;F;vel.faucibus.id@justo.com
256910;-;F;id.mollis.nec@Nulla.com
429449;+;M;mattis@malesuadaaugue.net
310618;+;M;ac.mattis.ornare@magnaetipsum.net
675333;+;M;Cras.vehicula@elit.edu
578454;-;M;dolor@ullamcorpernisl.com
556900;-;M;sed@ultrices.com
907029;+;M;mauris.ut@montesnascetur.ca
177716;-;F;Donec@eu.edu
718877;+;M;a@Quisque.co.uk
925748;+;F;dui.Fusce@Sedetlibero.ca
158286;-;F;augue.id.ante@Aeneanmassa.ca
846229;+;M;sit@enim.ca
427805;-;F;eu@Integeridmagna.edu
353073;-;F;purus.Maecenas.libero@nec.org
988451;-;F;pede.nec.ante@dapibusquamquis.co.uk
531663;-;M;gravida.sagittis@anteVivamus.ca
777241;+;M;id.risus@NullafacilisisSuspendisse.co.uk
986607;+;F;arcu.et.pede@dolor.edu
234558;-;M;ut@leo.net
170834;+;M;mollis.Duis@tinciduntaliquamarcu.co.uk
946299;+;M;dolor@estacmattis.co.uk
472021;+;F;nulla.ante@turpisnec.co.uk
516518;-;M;rutrum.lorem@Uttincidunt.edu
954882;+;F;Cras.dictum.ultricies@ategestasa.edu
144397;-;F;a.sollicitudin@nibhenim.edu
270421;-;M;aliquet.vel@faucibusorciluctus.com
472414;-;F;natoque@nullamagnamalesuada.org
494768;+;M;lacus.varius@ultriciesligula.net
330783;+;F;Nullam@consequatauctor.edu
946750;-;F;lacus.pede.sagittis@dolorquam.net
800198;+;F;malesuada@ligulaAliquam.edu
726210;-;F;dignissim.magna@apurus.edu
408563;-;M;penatibus@aliquet.ca
764720;+;F;Mauris@sollicitudin.net
788370;-;F;elementum.lorem@eusemPellentesque.org
689559;+;M;vel.vulputate@In.ca
496639;-;F;ipsum.leo.elementum@nonvestibulum.org
630810;+;F;ligula.Nullam@risus.ca
237694;-;M;enim.mi.tempor@Quisquetinciduntpede.org
920668;-;M;vehicula.aliquet.libero@vulputateullamcorper.ca
487475;+;M;elit.pede@pharetrased.net
352625;+;M;arcu@aliquet.com
200716;-;F;netus.et.malesuada@liberolacus.ca
991467;+;F;Nulla.eu.neque@lectusjusto.com
178453;-;F;dui@aultricies.net
949865;+;M;ultrices@eu.edu
681479;-;F;Nunc.sed@mieleifendegestas.org
430838;-;M;dapibus@semper.net
284498;-;F;quam.Curabitur@maurisa.net
493399;-;M;senectus.et.netus@ipsumprimis.ca
568434;+;M;at.velit@euligulaAenean.net
354424;-;F;est.Nunc.laoreet@afelisullamcorper.edu
105963;-;F;Curae.Phasellus@Nullamscelerisque.com
802495;+;F;orci.lobortis.augue@arcuAliquam.co.uk
311552;+;F;vitae.aliquam.eros@quamelementum.com
946775;-;M;cursus.Integer@condimentumegetvolutpat.edu
659972;-;M;nisi.sem.semper@pharetrased.ca
137127;-;F;vitae.mauris.sit@Aliquam.ca
616568;-;M;ut@dictumeleifendnunc.com
207198;+;M;ullamcorper@tortorNunccommodo.net
973668;+;F;ac@velitSed.co.uk
648622;+;F;est.congue@euaugue.com
737557;-;F;eleifend@Integer.com
404843;-;M;fames.ac.turpis@sed.co.uk
825525;-;F;auctor@duinec.edu
316794;-;M;eget.ipsum@Nulla.com
789735;+;F;enim.Mauris@nonummyacfeugiat.com
638722;-;F;Integer.vitae@vellectus.org
651442;+;F;egestas.urna.justo@sitamet.ca
808636;+;F;commodo@tinciduntvehicularisus.co.uk
970774;+;M;at@leoinlobortis.com
585643;+;F;eu.erat.semper@lacus.com
270213;-;F;fringilla@mauriseu.net
205090;+;F;auctor.Mauris.vel@eratinconsectetuer.org
249373;+;F;Nullam@idblandit.org
430301;-;M;nisl.Nulla@semmollis.net
864807;-;M;pellentesque@neque.edu
182137;+;F;urna.justo.faucibus@Nuncacsem.com
738621;-;F;non@est.co.uk
404915;+;F;erat.Etiam.vestibulum@sitamet.co.uk
924008;+;M;diam.nunc@acmi.edu
977459;-;M;Mauris@Sedauctor.edu
258171;-;F;Mauris@eget.org
400985;-;F;neque.Nullam.nisl@nec.co.uk
964087;-;M;luctus.et.ultrices@Suspendissedui.co.uk
949083;+;F;Duis@Etiam.co.uk
501167;+;M;Aliquam@Seddiamlorem.ca
787056;-;M;Nunc.mauris.elit@Donecelementum.com
789013;+;F;Proin@et.org
727718;+;F;Phasellus.dapibus.quam@euismodenim.edu
311675;-;M;erat@nislQuisquefringilla.org
247885;-;F;Nullam.vitae@Duisvolutpat.org
488589;+;M;in.dolor@ipsumnuncid.com
390679;-;F;Cras@lacus.com
197632;+;F;mollis.dui.in@etultrices.ca
183703;-;F;at.arcu@dapibus.org
859660;-;F;eget.tincidunt@scelerisqueneque.org
518631;-;M;at.risus.Nunc@magnisdis.net
926194;+;F;Duis@mattisvelitjusto.edu
138182;+;M;tincidunt.dui@nibhvulputate.co.uk
864049;+;M;vulputate@molestie.edu
165278;-;M;turpis.nec@vestibulummassa.com
199958;-;F;Mauris.vestibulum@elit.org
173524;+;M;purus@risusDonec.org
281528;-;M;Mauris.vel.turpis@tempor.net
115536;+;M;mus.Aenean@velitegestas.net
179174;-;M;egestas.Sed.pharetra@molestiedapibus.net
819920;+;M;in.tempus@turpisnon.org
286922;-;M;lorem@vitaeerat.co.uk
913368;+;M;pede.ac@nasceturridiculusmus.edu
456351;+;F;Sed.nulla.ante@velit.com
668678;-;M;nonummy@dictummiac.co.uk
757700;-;M;nec.metus.facilisis@turpis.com
689678;+;F;sed.pede.nec@purusgravidasagittis.ca
401700;+;M;faucibus.orci.luctus@NullaaliquetProin.org
602729;-;F;Phasellus@Fuscedolor.ca
139680;-;F;massa.Vestibulum@velfaucibusid.ca
505227;+;M;tellus.Suspendisse.sed@eu.net
793627;+;M;sed.libero.Proin@estNunc.com
821645;-;M;ante.bibendum.ullamcorper@etrutrum.co.uk
265789;+;F;Lorem@magnisdisparturient.net
221015;+;F;ante.Vivamus@amet.org
399425;+;F;non@ametconsectetuer.org
188634;+;F;vel.pede@posuerevulputate.net
558418;-;M;sodales.Mauris.blandit@sit.co.uk
699117;+;F;ante@ipsum.com
968309;+;M;tellus.justo.sit@mattis.ca
997222;+;M;eget@dapibus.ca
454243;-;F;elit.pharetra.ut@neque.edu
766971;-;F;feugiat.nec.diam@luctusvulputate.org
941527;-;M;sociis.natoque@mauris.net
737407;+;M;egestas.ligula@fringillapurusmauris.ca
195042;+;M;dictum.cursus@sit.edu
264323;+;F;ipsum.nunc@afelis.co.uk
402392;+;F;justo.Praesent.luctus@duiSuspendisse.com
933405;-;F;magnis.dis@ultrices.ca
331510;-;F;in@interdumfeugiat.org
431247;+;M;id@anteblanditviverra.com
410408;+;M;fringilla@Proinnisl.edu
321402;+;F;eu.euismod@euismodurna.edu
624964;-;F;vitae.diam.Proin@enimsit.net
241137;-;M;amet@ametanteVivamus.net
305102;+;F;diam.Duis.mi@lobortis.ca
997157;-;F;adipiscing.elit.Etiam@dolor.edu
148846;-;M;nec.ante.Maecenas@Vestibulum.org
544596;+;F;Sed.dictum@arcuac.net
914038;-;M;magnis.dis@mi.ca
628332;+;M;elementum.sem@Curabitur.com
125212;+;F;tortor.at@placeratCrasdictum.net
235786;+;F;massa@eu.org
851133;+;F;ante.bibendum@sollicitudin.net
243648;+;F;lobortis@utnisi.com
214374;-;M;dis@dictumeleifendnunc.ca
814369;+;M;eget.varius@metus.net
695787;-;F;eu.eleifend@nonsollicitudin.com
567137;+;F;urna@Aliquameratvolutpat.co.uk
465716;-;F;amet.faucibus@Nuncuterat.net
823416;+;F;Proin.velit.Sed@tortor.com
930144;-;M;molestie@liberoMorbiaccumsan.net
687121;-;F;lorem.sit@adipiscing.org
113565;+;M;venenatis@dolorvitae.net
695717;+;M;tellus@mollisvitaeposuere.edu
466718;-;F;commodo.hendrerit.Donec@lorem.net
107225;-;F;tincidunt.Donec@ullamcorper.edu
819538;+;F;et.malesuada.fames@quamvel.ca
844966;-;M;Curae.Donec.tincidunt@Nullamvelitdui.co.uk
874381;-;M;aliquam.enim.nec@blanditmattis.org
656279;-;F;ligula.eu.enim@sagittisfelisDonec.edu
843433;-;F;at.libero@ametnullaDonec.edu
467025;-;F;elementum@convallisligulaDonec.com
805100;+;F;ipsum.Suspendisse@necligulaconsectetuer.co.uk
756264;+;F;laoreet.posuere@luctus.org
331911;+;F;nisi@non.ca
776374;+;F;lacus.Nulla.tincidunt@neque.net
277386;-;M;nulla.at@dictum.net
138936;+;M;Curabitur@ametmetus.com
405614;+;F;Cras.eget@pedeet.com
149511;+;F;metus@temporestac.edu
457914;-;F;pretium.neque.Morbi@Maecenasiaculisaliquet.org
441500;+;F;sapien@Nullam.com
473738;+;M;velit@vestibulumMaurismagna.org
941901;-;M;ipsum.leo@malesuadamalesuada.com
720749;+;F;Quisque.fringilla.euismod@semeget.co.uk
560927;-;M;diam.lorem.auctor@necmollisvitae.org
373789;-;F;molestie.dapibus@non.com
555824;+;F;Vivamus.sit@Sedid.net
812945;+;M;dolor@maurisSuspendissealiquet.co.uk
752553;-;F;sit.amet@eu.org
762506;-;F;leo@variusNamporttitor.ca
101300;+;M;tristique.ac@volutpat.org
788376;-;M;in@sollicitudincommodoipsum.ca
677963;-;F;Duis@at.net
271553;-;M;nisl@elitpharetraut.com
677716;-;M;pellentesque@Sedeu.com
507847;-;M;eget@molestie.co.uk
110244;-;F;Praesent@ipsumdolor.net
989851;+;F;malesuada.fames@egestas.org
838467;-;M;gravida.sit@vulputateposuere.ca
341742;-;F;sed@esttempor.net
241766;+;F;Sed@magnaPhasellusdolor.org
966143;-;F;ultrices.mauris@fringillaestMauris.net
818401;-;F;neque.Nullam.ut@placerat.org
289795;+;M;lacus.varius@quamdignissim.ca
116635;-;F;molestie.tortor.nibh@Sednulla.net
862310;-;F;tortor.nibh.sit@accumsanneque.net
792539;+;M;In@ultrices.ca
858962;-;F;In@egestasadui.net
428737;+;F;magna.malesuada.vel@eros.edu
851182;-;F;elit@Integer.org
840229;-;M;sapien.Cras@pedeacurna.co.uk
482712;+;M;malesuada.ut@sitametconsectetuer.com
317717;-;M;ipsum.dolor.sit@dictumplacerat.co.uk
805694;+;F;Cras.dictum.ultricies@nasceturridiculus.com
149942;-;F;pellentesque@luctuslobortisClass.co.uk
403742;-;M;posuere.vulputate.lacus@velitQuisquevarius.ca
391151;+;M;venenatis.a@nunc.org
421663;-;M;ultrices.Duis@eget.edu
533419;-;F;Aliquam@Duisrisus.com
118975;-;F;Maecenas@neque.edu
502092;-;F;vulputate.risus.a@nequepellentesque.org
861574;-;M;consectetuer@Pellentesquetincidunt.co.uk
551670;+;F;orci.Phasellus@malesuada.com
247436;-;M;eleifend.nunc@tellusloremeu.com
658062;-;M;dis@variusultricesmauris.org
258628;-;F;eleifend.vitae.erat@Inlorem.ca
959546;+;M;mauris.rhoncus.id@nunc.ca
878813;-;M;placerat@mauris.net
505898;+;F;eu.metus@cursusdiam.co.uk
171336;+;M;est@vestibulum.co.uk
650063;-;F;cursus.et.magna@sagittis.com
678043;+;M;dignissim.Maecenas@magnaSuspendissetristique.com
651694;+;M;mattis.Integer@tellusimperdiet.edu
523749;-;F;luctus@magna.com
543231;-;F;elit@tristique.net
917174;+;M;Integer.mollis.Integer@convallisantelectus.edu
582173;+;M;ipsum@InfaucibusMorbi.ca
933323;-;F;nunc@leoMorbi.com
378198;+;F;convallis@leoin.net
292879;-;F;convallis.erat.eget@Nullafacilisis.co.uk
793653;+;M;ornare@et.com
182218;+;M;amet.metus.Aliquam@duiin.com
421889;-;M;Vivamus.euismod@Sed.org
454713;+;M;magna.Nam@tellusPhaselluselit.net
635085;-;M;quam.elementum.at@vehicula.co.uk
793726;+;F;at@vitaealiquam.ca
172801;-;M;lectus.ante@odiosagittis.net
716796;-;M;non.massa@risusMorbimetus.net
400231;-;F;Mauris@id.edu
314839;-;M;vitae.orci@cursus.net
733524;-;F;dolor.Fusce.mi@Curabitur.com
852657;+;F;porttitor.vulputate@natoquepenatibuset.edu
197873;+;M;lacus@Donec.co.uk
861989;+;M;dui@sociis.ca
306611;-;F;varius.et.euismod@nonantebibendum.edu
114521;+;M;libero.Integer.in@facilisi.net
323354;-;F;tellus.justo.sit@mollis.net
309725;-;F;Curabitur.sed@ultricesposuerecubilia.com
388567;-;F;id.libero.Donec@vel.co.uk
320947;-;F;lectus@Duisvolutpat.ca
248939;+;M;euismod.et@antedictum.edu
615339;+;M;nisi@ullamcorpernislarcu.edu
129584;+;F;rutrum.Fusce@egestasAliquam.ca
436953;+;M;pellentesque@scelerisquenequeNullam.net
932807;-;F;cursus@ataugue.org
588948;+;F;Aliquam@dictummagnaUt.com
238719;-;F;Aliquam.auctor@Aliquam.net
351469;+;F;amet.consectetuer.adipiscing@nisinibhlacinia.co.uk
551136;-;M;purus.gravida.sagittis@natoquepenatibuset.org
801717;+;M;iaculis.odio.Nam@Maurismolestie.net
579713;-;M;suscipit.est@suscipit.co.uk
466336;+;F;justo.eu@amet.com
774468;-;F;et.rutrum@lectusjusto.co.uk
727927;+;F;egestas.ligula@mi.edu
160480;-;F;leo.Cras.vehicula@aliquam.net
997927;-;F;a@Vivamuseuismod.ca
230942;+;F;semper.tellus@vitaemauris.com
937990;+;F;facilisis.facilisis.magna@sollicitudinadipiscingligula.org
512152;-;M;et.ultrices.posuere@vitae.org
847372;-;F;mauris.sapien@sociis.ca
795911;+;F;ac.turpis@Cum.ca
879790;+;M;congue.turpis.In@cubiliaCurae.edu
679924;-;F;Nullam.feugiat.placerat@natoquepenatibus.org
607423;+;F;a.enim.Suspendisse@arcu.edu
398624;+;F;velit.in.aliquet@magna.org
724710;+;F;felis.ullamcorper@egestas.edu
403716;+;M;ut@dictum.edu
604142;-;F;in.hendrerit.consectetuer@liberodui.net
604195;+;M;tempor@Curabitur.net
198625;-;F;Nulla@Integerinmagna.org
671268;+;F;Donec@odio.com
767133;-;M;nostra.per.inceptos@auctornuncnulla.com
706176;+;F;quam.a@Maecenasiaculis.edu
523081;+;M;Duis@facilisislorem.org
872031;-;F;interdum.ligula@eleifendegestas.co.uk
898629;-;F;Cras@auctor.edu
100488;+;F;fringilla@ipsumnuncid.org
835112;-;F;mattis@lacusCras.ca
313858;-;M;risus.Morbi@sollicitudincommodoipsum.ca
592661;+;M;feugiat.non.lobortis@ullamcorper.org
268767;+;F;velit.in.aliquet@arcuVestibulum.net
810313;+;M;enim@antedictumcursus.com
664827;-;F;pharetra@tellusimperdietnon.ca
508813;+;F;gravida.molestie.arcu@Praesent.ca
140919;+;M;nonummy.ac.feugiat@liberoest.co.uk
835955;+;F;aliquet.molestie@varius.org
753509;+;F;non.ante@loremacrisus.ca
437727;+;F;tortor@dictumeueleifend.co.uk
647533;+;F;vel.arcu.Curabitur@vulputatelacus.org
604087;-;M;Phasellus.libero@Pellentesquehabitantmorbi.edu
472480;+;M;risus@duilectus.co.uk
376858;+;M;nunc@nullaatsem.net
788836;-;F;bibendum@Nuncquisarcu.com
777218;-;M;feugiat.non.lobortis@utpellentesque.edu
797108;-;F;dolor.Quisque.tincidunt@consectetuercursus.ca
921290;-;F;erat@Sedetlibero.org
900573;+;F;luctus.aliquet@euaugueporttitor.edu
101755;-;M;libero.Morbi@pellentesqueegetdictum.net
894654;+;F;Morbi@estNunclaoreet.org
698603;-;M;mattis.Integer.eu@nibhlaciniaorci.com
302958;+;M;turpis.Aliquam@cubiliaCurae.org
928975;-;M;malesuada.fringilla.est@egestasurna.net
716548;+;M;ante@Fuscedolor.com
451270;-;F;dapibus@aliquet.ca
533640;-;F;lobortis.augue@felisNullatempor.net
642117;-;F;eu.ultrices@Sed.ca
271925;-;F;odio@lacusvariuset.net
745348;+;M;Curae@necmalesuadaut.co.uk
401339;+;M;magna.sed.dui@esttempor.com
630606;-;M;Vivamus.molestie.dapibus@anteipsumprimis.net
548196;-;M;nulla.ante.iaculis@necorciDonec.ca
893463;+;F;non.hendrerit@mattisornare.net
466558;-;F;libero.mauris@MaurisnullaInteger.ca
878294;+;F;pharetra.felis@fringillacursus.com
213799;-;F;nisi.Aenean.eget@inlobortis.edu
943608;+;F;aptent.taciti.sociosqu@tempusnon.org
526803;-;M;penatibus.et@elitNullafacilisi.ca
299357;+;M;amet@Curabiturvel.org
423104;-;M;In@velfaucibus.com
583102;+;F;vel@leo.co.uk
988964;+;M;primis.in.faucibus@pellentesquemassa.net
537459;-;M;luctus@Etiam.net
602333;-;F;rutrum.Fusce@tristiqueac.net
656701;+;F;nascetur.ridiculus.mus@Phasellus.com
237632;+;M;et@Curabitur.edu
439075;+;F;Vivamus.sit@maurisaliquameu.ca
385107;-;F;imperdiet.dictum.magna@eu.com
352443;-;F;Suspendisse.commodo.tincidunt@adipiscing.ca
428163;+;F;tellus@nulla.ca
888817;-;F;scelerisque@risusDonecegestas.net
876785;-;M;vestibulum.Mauris@bibendumDonec.org
336249;+;F;felis.orci.adipiscing@sapienCras.ca
414394;-;F;varius@vitaesodales.com
694767;-;M;Mauris@perconubia.co.uk
149457;-;M;Nam@Aliquamfringilla.ca
370628;-;F;id.blandit.at@imperdiet.com
724609;+;F;sem.semper@porttitorscelerisqueneque.net
570797;-;F;nunc@sapiencursus.net
392626;+;F;non.dapibus@metus.co.uk
627080;-;F;Aliquam@Donecelementumlorem.co.uk
754852;+;M;nulla.Donec@velvulputate.com
714791;-;M;ipsum@ametante.edu
144653;+;F;molestie.pharetra@egetmollis.edu
692185;-;F;est@tellusSuspendisse.ca
200541;-;M;ac.sem.ut@accumsaninterdum.org
347676;+;F;montes@arcuAliquamultrices.co.uk
836190;+;M;taciti.sociosqu@lobortis.org
118790;-;M;arcu.Vestibulum.ante@lobortisaugue.net
106777;+;F;Proin.non@montes.net
689792;+;M;ligula.Aliquam@est.co.uk
272838;-;M;augue@lectus.ca
794915;-;M;risus@anteipsumprimis.com
403996;-;F;suscipit.est.ac@fermentumrisus.net
978284;-;F;egestas.hendrerit.neque@nascetur.net
544130;-;F;eleifend.nunc.risus@nequesed.com
716452;-;M;Vestibulum.ut@non.net
199421;+;F;amet.ultricies@infaucibusorci.co.uk
994318;+;F;Lorem.ipsum@volutpat.edu
645206;-;M;Sed@Maurisnon.edu
300304;+;M;purus.gravida@quam.edu
201990;+;M;id.enim.Curabitur@velitSed.co.uk
499190;-;M;orci.lacus@ProindolorNulla.edu
352584;-;M;eu.lacus@euismodetcommodo.edu
491548;-;M;in.faucibus.orci@mollisvitaeposuere.edu
617185;-;M;vitae.nibh.Donec@lobortisultricesVivamus.ca
857519;-;F;Quisque@sed.net
278284;+;M;Phasellus.fermentum.convallis@arcu.edu
735602;-;M;massa.rutrum@euaccumsansed.co.uk
473044;-;M;dictum@dolor.ca
438151;+;F;scelerisque.neque@commodoipsumSuspendisse.co.uk
584673;+;F;scelerisque.lorem@ametrisus.co.uk
434624;+;M;Quisque.ac.libero@ridiculus.ca
365216;-;M;lectus.pede@malesuadaut.edu
226369;-;M;semper.auctor@dolorvitae.edu
916967;+;M;Nunc.commodo@justoProinnon.org
216527;+;M;posuere.enim@semmagnanec.edu
990168;-;M;mi@acmetus.org
165694;+;M;Mauris@pharetraNam.com
464269;+;M;lorem.tristique.aliquet@mauris.net
735003;-;F;Fusce.fermentum.fermentum@pretiumaliquet.ca
786395;+;F;adipiscing.lacus@posuerecubiliaCurae.com
623377;+;F;non.lorem.vitae@rutrumFusce.com
638450;+;M;Nulla@ipsum.co.uk
842048;-;F;nisl.Quisque@vitaenibhDonec.net
794756;+;F;ante.blandit.viverra@at.com
960992;+;F;amet@lacuspedesagittis.ca
973358;+;M;gravida.mauris@Morbisit.edu
526585;-;M;eu@auctorvelit.co.uk
769263;+;M;et@bibendumDonecfelis.edu
479207;+;M;mauris@lacusQuisquepurus.net
267374;-;F;mauris.ut.mi@Nullaaliquet.com
982745;-;F;elit.Nulla.facilisi@sit.com
431178;+;F;egestas.ligula@etrutrumeu.co.uk
715273;-;F;at.nisi.Cum@nonantebibendum.com
144897;+;F;velit@nequetellusimperdiet.com
531599;-;M;enim.Etiam.imperdiet@placeratorci.com
622839;+;M;semper@magnaSuspendisse.co.uk
213184;-;F;ultrices@fringillaornareplacerat.ca
868505;+;M;cursus.Integer.mollis@a.co.uk
331683;-;M;quis.urna@pedeet.com
186558;+;F;ipsum.non@elit.ca
379503;-;F;bibendum.ullamcorper.Duis@utcursusluctus.net
812660;-;F;euismod@dolor.edu
151967;-;M;natoque.penatibus@erosnectellus.ca
358622;+;F;dui.in.sodales@justoProinnon.net
555861;-;M;lectus.Cum@massaVestibulumaccumsan.com
356208;+;M;erat@fringillaornare.org
163877;+;M;id.mollis@Nullamscelerisqueneque.com
985674;+;F;interdum@ametconsectetueradipiscing.org
742611;-;M;Phasellus@auctor.ca
868827;+;M;tellus@mauris.net
531056;+;M;parturient.montes.nascetur@fermentum.edu
675241;+;F;Etiam@quamelementumat.edu
112329;+;F;ligula.eu.enim@Curabiturut.co.uk
334496;+;M;In.tincidunt.congue@sed.net
247601;-;M;Nulla@venenatisa.com
715719;+;F;ultrices@Crasvulputate.net
448574;+;F;Nam@ipsum.net
383333;-;M;pulvinar@mipede.org
710103;+;M;Nulla.dignissim.Maecenas@ipsumDonec.edu
800566;-;F;sem@etnetus.edu
478035;+;M;dapibus@eratneque.net
720803;+;M;ultrices@In.edu
765022;-;M;turpis.non.enim@nislNullaeu.com
333312;-;F;Suspendisse.non.leo@tristiquealiquetPhasellus.net
120201;-;M;Lorem.ipsum.dolor@taciti.org
663996;+;F;Lorem.ipsum.dolor@pellentesque.com
542525;+;F;nec.quam.Curabitur@magnisdisparturient.co.uk
603426;-;F;erat.eget.ipsum@Maurisvelturpis.com
124175;-;F;quam@libero.co.uk
284599;+;F;Curabitur.egestas.nunc@intempus.co.uk
654004;-;M;scelerisque.neque@euligulaAenean.ca
850207;-;M;natoque@magnaSuspendissetristique.ca
118491;-;F;cursus@Donecvitae.ca
425516;-;M;gravida.molestie.arcu@semper.ca
709059;+;F;Suspendisse.dui.Fusce@aliquetPhasellusfermentum.net
908223;+;F;ipsum@odioAliquam.ca
677947;+;F;Donec@eu.org
412888;-;F;odio.sagittis@rutrumloremac.co.uk
577475;+;M;ut.odio.vel@iaculisaliquetdiam.org
104557;+;F;pede.Praesent@orcitinciduntadipiscing.net
276896;+;F;Suspendisse@ataugue.co.uk
283061;-;M;velit.Aliquam.nisl@Uttinciduntorci.com
831319;-;F;est@fringillaDonecfeugiat.com
196505;+;F;gravida.nunc.sed@ipsumportaelit.com
127506;+;F;aliquam@lacusQuisquepurus.ca
224205;-;M;Mauris@sempertellus.com
465922;+;M;vulputate@eueleifendnec.ca
413227;+;F;a.felis.ullamcorper@quamelementumat.ca
341376;+;M;tellus.Nunc@arcuCurabiturut.ca
218092;+;M;Nam@justo.com
608679;+;F;Etiam.bibendum.fermentum@risus.com
603920;+;F;vehicula@Sed.edu
766676;+;F;mattis.Integer@Nunclaoreetlectus.com
134788;-;F;venenatis.vel.faucibus@euduiCum.ca
266059;+;M;eu.augue@augueacipsum.net
231222;+;F;mollis@quam.com
325532;-;M;arcu@ac.net
281830;-;M;aliquet.metus@iaculisneceleifend.org
916853;-;M;convallis@vulputate.net
956041;-;M;Mauris@nonjustoProin.co.uk
465990;+;F;Class@pharetranibh.edu
602680;-;F;a@lacuspede.net
233236;+;F;litora.torquent@arcuac.edu
279588;-;F;adipiscing.Mauris.molestie@viverra.edu
232743;-;M;posuere@lacusAliquamrutrum.edu
414515;+;M;bibendum.Donec@Aliquam.com
974012;+;F;nec@Maurisnulla.com
280886;+;M;dolor@arcu.com
244472;+;M;erat.Vivamus.nisi@quislectusNullam.org
562710;+;M;ante.ipsum.primis@odioEtiamligula.com
837457;-;M;amet.massa.Quisque@sagittis.co.uk
899220;-;F;interdum.libero@metusfacilisis.net
414407;-;M;metus.Aliquam.erat@rhoncusProinnisl.net
889426;-;F;turpis@mifringillami.ca
666466;-;F;vel@purusmaurisa.co.uk
962236;-;M;erat.volutpat.Nulla@velsapien.org
109957;+;F;ac.tellus@dapibusligula.org
485596;+;M;neque.sed@sitametrisus.edu
654651;-;F;eget.mollis.lectus@sodalesnisimagna.ca
520863;-;M;libero.est@commodo.net
760861;-;F;massa.rutrum@egestashendrerit.com
136749;-;M;elit.Aliquam@nec.ca
209230;+;F;tellus@gravidasit.edu
270329;+;M;tristique.neque.venenatis@eusem.net
875850;-;M;Quisque.ac.libero@asollicitudin.ca
309768;-;F;ante.Nunc@asollicitudin.co.uk
837937;+;F;semper.rutrum.Fusce@orciDonec.edu
746422;+;M;urna.et@Duissit.ca
746804;-;M;Pellentesque.habitant@Quisque.ca
181876;+;F;sollicitudin.adipiscing.ligula@vulputatelacusCras.ca
976545;+;F;sit@euismod.net
826596;+;F;feugiat.tellus.lorem@imperdietornareIn.edu
742900;+;F;orci@disparturient.edu
972368;-;M;dictum.placerat@egestas.edu
241423;-;F;diam@nisi.com
232855;-;F;mi.lorem@scelerisque.net
998204;-;M;non@convallis.ca
246912;-;F;luctus.lobortis@auguescelerisquemollis.ca
911159;+;F;malesuada.vel.venenatis@acmattisvelit.net
112661;-;F;Mauris.nulla@urna.com
306231;+;M;Cras@nec.com
893658;+;F;pellentesque@malesuadautsem.edu
517539;+;M;arcu@ut.com
971672;+;M;nulla.Integer.vulputate@nonummyFusce.co.uk
125912;+;F;aliquet.lobortis.nisi@diamvelarcu.edu
811732;+;F;eros.Nam@aliquam.ca
185858;-;M;Duis.dignissim.tempor@rutrummagnaCras.net
832352;+;M;fringilla@velit.net
256157;+;F;Cras.lorem@Nam.net
276604;+;M;Praesent.luctus.Curabitur@mienimcondimentum.com
289673;-;F;risus@fringillacursuspurus.ca
864707;-;F;est@mollislectus.net
953227;+;M;non.quam.Pellentesque@blanditcongue.ca
379653;-;F;et.rutrum@mieleifend.co.uk
476864;+;M;Integer.eu.lacus@augueSedmolestie.ca
412277;+;M;nec@posuerecubiliaCurae.org
285054;-;F;mi@ipsum.com
782656;+;M;accumsan.laoreet@incursus.com
610820;-;F;sed@Etiamvestibulummassa.net
833831;+;M;Pellentesque.ultricies@nuncrisus.co.uk
954426;+;F;non.dui@DonecegestasDuis.ca
392258;+;F;tristique.senectus.et@consequatlectus.edu
162023;-;M;cursus.Nunc@gravidasitamet.org
516948;-;F;ultricies.ligula.Nullam@sit.co.uk
126511;-;M;eleifend.vitae.erat@Nullam.co.uk
797088;-;M;velit.Sed.malesuada@tincidunttempus.edu
419870;+;F;semper.erat@fringillaDonecfeugiat.net
898933;-;F;iaculis.nec@loremvitae.ca
442056;-;M;Nulla.aliquet.Proin@scelerisque.org
416024;-;F;nec.urna@etmalesuadafames.ca
270199;-;F;natoque.penatibus@nonmassa.edu
179399;+;M;ut.dolor@Pellentesqueultricies.org
166537;+;F;mollis.Integer.tincidunt@egestas.edu
286907;-;M;convallis@sed.edu
991119;-;M;massa.Vestibulum.accumsan@velmauris.ca
136550;+;F;ut@pellentesque.ca
833205;-;M;erat.vel@ligulaeuenim.org
315396;-;F;nec.enim.Nunc@Aeneangravida.co.uk
871695;+;M;facilisis.eget.ipsum@ridiculusmus.ca
835626;+;F;eget.mollis@acturpisegestas.ca
882175;+;M;odio.sagittis@nectellusNunc.com
180238;+;M;magna.Nam.ligula@Aliquam.ca
283387;+;F;ut.mi.Duis@rhoncusidmollis.edu
773763;-;M;feugiat.non@eratneque.ca
377582;+;F;dis.parturient.montes@Etiam.ca
888925;+;F;in.molestie.tortor@risus.edu
418233;+;F;augue@malesuadavel.org
657648;+;M;molestie@libero.com
860248;-;M;libero.Donec.consectetuer@velpede.net
411508;+;F;augue.Sed@auguescelerisque.ca
836121;-;M;tristique.neque@ut.org
888498;-;F;faucibus@Crasvulputatevelit.com
342908;+;M;aliquet.vel@consectetuer.net
845478;+;M;nisl.Nulla@nulla.org
156607;+;M;id.magna@Curabituregestas.ca
551172;+;F;velit.dui.semper@duisemper.net
946019;+;M;dignissim.Maecenas.ornare@congue.net
301647;+;M;nunc.sed@hendrerit.com
780351;-;F;imperdiet.non.vestibulum@vehiculaetrutrum.org
931585;-;M;Duis.mi.enim@interdum.org
543255;+;F;auctor.quis.tristique@mollisdui.com
742241;+;M;magna.Praesent@utnisi.edu
436233;-;M;purus.gravida.sagittis@arcu.com
305904;-;F;Sed@bibendum.ca
138650;-;M;neque.vitae.semper@netusetmalesuada.org
910507;-;M;feugiat@luctus.net
902736;-;M;risus.quis@Maurisvestibulumneque.org
847272;+;F;Nullam.nisl.Maecenas@non.net
233612;-;F;faucibus.ut.nulla@liberolacus.org
588250;+;F;eget@aliquam.net
393634;-;M;adipiscing.ligula.Aenean@semvitaealiquam.com
282113;-;M;egestas.Fusce.aliquet@massa.edu
473442;-;F;Phasellus.vitae@nec.com
601568;-;F;malesuada@eleifendegestas.net
572888;+;F;leo.Morbi@liberoduinec.ca
879021;+;M;Nulla@congueturpisIn.ca
944652;+;M;massa@vitaeeratVivamus.net
379641;-;M;eu.nulla@vitae.org
311274;-;F;dolor.sit@viverraDonec.edu
665365;-;F;dui@arcu.net
596224;+;M;magna@VivamusnisiMauris.ca
859494;-;F;quis@velmauris.edu
805306;-;F;Praesent.eu@quisarcu.com
680586;+;F;ultricies.dignissim.lacus@etmalesuadafames.org
745459;+;M;magnis.dis.parturient@parturientmontes.co.uk
229402;+;M;id.blandit.at@laoreetliberoet.co.uk
670886;+;M;lobortis.tellus@dolordolortempus.com
558280;+;M;Nullam.feugiat.placerat@rutrum.edu
844075;-;M;in.sodales@eunibh.co.uk
834931;-;M;Cum.sociis@hendreritDonecporttitor.com
442374;+;M;mi@natoque.net
970543;-;M;neque.tellus@risusNullaeget.com
453030;+;F;nulla.at.sem@adipiscinglobortis.co.uk
406765;+;M;vitae.sodales.nisi@cursuset.ca
706542;+;M;consequat@gravidamaurisut.co.uk
554988;-;M;white_phoenix_tear@hotmail.com
112782;+;M;None
399115;+;F;None
907815;+;F;None
798908;+;F;psivania@gmail.com
649078;-;M;mingos.mufassa@gmail.com
321644;+;M;david_vs_golias@olhomail.com
756494;-;M;super.mario.all.stars@nintendo.com
883111;-;M;daniel.j.s@gmail.com
408356;-;M;aguiarluis2020@gmail.com
408355;-;M;None
